DROP DATABASE IF EXISTS DB_TIX;
CREATE DATABASE DB_TIX;

-- Création de la table "Utilisateur"
CREATE OR REPLACE TABLE Utilisateur (
    ID_USER INT AUTO_INCREMENT PRIMARY KEY,
    LOGIN_USER VARCHAR(20) UNIQUE CHECK (LENGTH(LOGIN_USER) >= 5),
    PRENOM_USER VARCHAR(30) CHECK (PRENOM_USER REGEXP '^[A-Za-zÀ-ÖØ-öø-ÿ\\-]+$'),
    NOM_USER VARCHAR(30) CHECK (NOM_USER REGEXP '^[A-Za-zÀ-ÖØ-öø-ÿ\-\\s]+$'),
    EMAIL_USER VARCHAR(100) CHECK (EMAIL_USER NOT LIKE '%..%' AND EMAIL_USER REGEXP '^[A-Za-z0-9._%-]+@[A-Za-z.-]+\\.[A-Za-z]{2,4}$'),
    HORODATAGE_OUVERTURE_USER DATETIME DEFAULT CURRENT_TIMESTAMP NOT NULL,
    HORODATAGE_DERNIERE_CONNECTION_USER DATETIME DEFAULT CURRENT_TIMESTAMP NOT NULL,
    IP_DERNIERE_CONNECTION_USER VARCHAR(15)
);

CREATE OR REPLACE TABLE UrgenceTicket(
	VALEUR_URGENCE_TICKET VARCHAR(15) PRIMARY KEY, 
	IMPORTANCE_URGENCE INT UNIQUE
	);


-- Création de la table "EtatTicket"
CREATE OR REPLACE TABLE EtatTicket (
    VALEUR_ETAT_TICKET VARCHAR(30) PRIMARY KEY
);


CREATE OR REPLACE TABLE TitreTicket (
    TITRE_TICKET VARCHAR(60) PRIMARY KEY
    NOM_CATEGORIE VARCHAR(10) NOT NULL,
    FOREIGN KEY (NOM_CATEGORIE) REFERENCES Categorie (NOM_CATEGORIE)
);

-- Création de la table "Categorie"
CREATE OR REPLACE TABLE Categorie (
    NOM_CATEGORIE VARCHAR(10) PRIMARY KEY NOT NULL
);

-- Création de la table "CategorieAssocies"
CREATE OR REPLACE TABLE CategorieAssocies (
    NOM_CATEGORIE VARCHAR(10) NOT NULL,
    NOM_CATEGORIE_ASSOCIER VARCHAR(10) NOT NULL,
    FOREIGN KEY (NOM_CATEGORIE) REFERENCES Categorie (NOM_CATEGORIE),
    FOREIGN KEY (NOM_CATEGORIE_ASSOCIER) REFERENCES Categorie (NOM_CATEGORIE),
    PRIMARY KEY (NOM_CATEGORIE, NOM_CATEGORIE_ASSOCIER)
);


-- Création de la table "Ticket"
CREATE OR REPLACE TABLE Ticket (
    ID_TICKET INT AUTO_INCREMENT PRIMARY KEY,
    ID_USER INT NOT NULL DEFAULT (SUBSTRING_INDEX(USER(),'@',1)),
    TITRE_TICKET VARCHAR(60) NOT NULL,
    DESCRIPTION_TICKET VARCHAR(1500) NOT NULL,
    ID_TECHNICIEN INT DEFAULT NULL,
    NIV_URGENCE_ESTIMER_TICKET VARCHAR(15) DEFAULT 'Non complété !' NOT NULL,
    NIV_URGENCE_DEFINITIF_TICKET VARCHAR(15) DEFAULT 'Non complété !',
    ETAT_TICKET VARCHAR(30) DEFAULT 'En attente' NOT NULL,
    HORODATAGE_CREATION_TICKET DATETIME DEFAULT CURRENT_TIMESTAMP NOT NULL,
    HORODATAGE_DEBUT_TRAITEMENT_TICKET DATETIME,
    HORODATAGE_RESOLUTION_TICKET DATETIME,
    HORODATAGE_DERNIERE_MODIF_TICKET DATETIME DEFAULT CURRENT_TIMESTAMP NOT NULL,
    ID_USER_DERNIERE_MODIF_TICKET INT DEFAULT (SUBSTRING_INDEX(USER(),'@',1)),
    FOREIGN KEY (ID_USER) REFERENCES Utilisateur (ID_USER),
    FOREIGN KEY (ID_TECHNICIEN) REFERENCES Utilisateur (ID_USER),
    FOREIGN KEY (TITRE_TICKET) REFERENCES TitreTicket(TITRE_TICKET),
    FOREIGN KEY (ETAT_TICKET) REFERENCES EtatTicket (VALEUR_ETAT_TICKET),
    FOREIGN KEY (NIV_URGENCE_ESTIMER_TICKET) REFERENCES UrgenceTicket(VALEUR_URGENCE_TICKET),
    FOREIGN KEY (NIV_URGENCE_DEFINITIF_TICKET) REFERENCES UrgenceTicket(VALEUR_URGENCE_TICKET),
    FOREIGN KEY (ID_USER_DERNIERE_MODIF_TICKET) REFERENCES Utilisateur (ID_USER)
);

-- Création de la table "MotcleTicket"
CREATE OR REPLACE TABLE MotcleTicket (
    NOM_MOTCLE VARCHAR(30) PRIMARY KEY,
    NOM_CATEGORIE VARCHAR(10) NOT NULL,
    FOREIGN KEY (NOM_CATEGORIE) REFERENCES Categorie (NOM_CATEGORIE)
);

-- Création de la table "RelationTicketsMotscles"
CREATE OR REPLACE TABLE RelationTicketsMotscles (
    ID_TICKET INT NOT NULL,
    NOM_MOTCLE VARCHAR(30) NOT NULL,
    PRIMARY KEY (ID_TICKET, NOM_MOTCLE),
    FOREIGN KEY (ID_TICKET) REFERENCES Ticket (ID_TICKET),
    FOREIGN KEY (NOM_MOTCLE) REFERENCES MotcleTicket (NOM_MOTCLE)
);



INSERT INTO UrgenceTicket (VALEUR_URGENCE_TICKET, IMPORTANCE_URGENCE) VALUES
	    ('Non complété !', 999),
	    ('Faible', 4),
	    ('Moyen', 3),
	    ('Important', 2),
	    ('Urgent', 1);


-- Insertion des états possibles
INSERT INTO EtatTicket (VALEUR_ETAT_TICKET) VALUES
    ('En attente'),
    ('Ouvert'),
    ('En cours de traitement'),
    ('Fermé');


INSERT INTO Categorie VALUES("MATÉRIEL"),("SYSTÈME"),("LOGICIEL"),("AUTRE"),("SALLE"),("SESSION");
INSERT INTO CategorieAssocies VALUES("MATÉRIEL", "SALLE");
INSERT INTO CategorieAssocies VALUES("SYSTÈME","LOGICIEL"), ("SYSTÈME","SALLE");
INSERT INTO CategorieAssocies VALUES("LOGICIEL","SYSTÈME"), ("LOGICIEL","SALLE");
INSERT INTO CategorieAssocies VALUES("SALLE","MATERIEL");
INSERT INTO CategorieAssocies VALUES("SESSION","SYSTÈME"), ("SESSION","LOGICIEL");
INSERT INTO CategorieAssocies VALUES("AUTRE","MATÉRIEL"), ("AUTRE","SYSTÈME"), ("AUTRE","LOGICIEL"), ("AUTRE","SALLE"), ("AUTRE","SESSION");

INSERT INTO MotcleTicket VALUES("WebStorm", "LOGICIEL");
INSERT INTO MotcleTicket VALUES("PHPStorm", "LOGICIEL");
INSERT INTO MotcleTicket VALUES("PyCharm", "LOGICIEL");
INSERT INTO MotcleTicket VALUES("IntelliJ", "LOGICIEL");
INSERT INTO MotcleTicket VALUES("Firefox", "LOGICIEL");
INSERT INTO MotcleTicket VALUES("Open Office", "LOGICIEL");
INSERT INTO MotcleTicket VALUES("WinSCP", "LOGICIEL");
INSERT INTO MotcleTicket VALUES("Autre", "LOGICIEL");
INSERT INTO MotcleTicket VALUES("CentOS", "SYSTÈME");
INSERT INTO MotcleTicket VALUES("Windows", "SYSTÈME");
INSERT INTO MotcleTicket VALUES("Debian", "SYSTÈME");
INSERT INTO MotcleTicket VALUES("Autre", "SYSTÈME");
INSERT INTO MotcleTicket VALUES("Moniteur", "MATÉRIEL");
INSERT INTO MotcleTicket VALUES("Ordinateur", "MATÉRIEL");
INSERT INTO MotcleTicket VALUES("Clavier", "MATÉRIEL");
INSERT INTO MotcleTicket VALUES("Souris", "MATÉRIEL");
INSERT INTO MotcleTicket VALUES("Vidéoprojecteur", "MATÉRIEL");
INSERT INTO MotcleTicket VALUES("Câble Moniteur", "MATÉRIEL");
INSERT INTO MotcleTicket VALUES("Câble Alimentation", "MATÉRIEL");
INSERT INTO MotcleTicket VALUES("Câble Ethernet", "MATÉRIEL");
INSERT INTO MotcleTicket VALUES("Prise Électrique", "MATÉRIEL");
INSERT INTO MotcleTicket VALUES("Autre", "MATÉRIEL");
INSERT INTO MotcleTicket VALUES("G25", "SALLE");
INSERT INTO MotcleTicket VALUES("G24", "SALLE");
INSERT INTO MotcleTicket VALUES("G23", "SALLE");
INSERT INTO MotcleTicket VALUES("G22", "SALLE");
INSERT INTO MotcleTicket VALUES("G21", "SALLE");
INSERT INTO MotcleTicket VALUES("I21", "SALLE");
INSERT INTO MotcleTicket VALUES("E51", "SALLE");
INSERT INTO MotcleTicket VALUES("Autre salle", "SALLE");
INSERT INTO MotcleTicket VALUES("Aucun mot-clé", "AUTRE");

INSERT INTO TitreTicket VALUES("Matériel manquant", "MATÉRIEL");
INSERT INTO TitreTicket VALUES("Matériel en panne", "MATÉRIEL");
INSERT INTO TitreTicket VALUES("Autre problème", "MATÉRIEL");
INSERT INTO TitreTicket VALUES("Taille de session", "SESSION");
INSERT INTO TitreTicket VALUES("Mot de passe de session oublié", "SESSION");
INSERT INTO TitreTicket VALUES("Autre problème", "SESSION");
INSERT INTO TitreTicket VALUES("Logiciel malveillant", "LOGICIEL");
INSERT INTO TitreTicket VALUES("Problème de logiciel", "LOGICIEL");
INSERT INTO TitreTicket VALUES("Mise à jour de logiciel", "LOGICIEL");
INSERT INTO TitreTicket VALUES("Proposition de logiciel", "LOGICIEL");
INSERT INTO TitreTicket VALUES("Autre problème", "LOGICIEL");
INSERT INTO TitreTicket VALUES("Problème de la salle", "SALLE");
INSERT INTO TitreTicket VALUES("Autre problème", "AUTRE");
INSERT INTO TitreTicket VALUES("Problème pour se connecter", "AUTRE");
INSERT INTO TitreTicket VALUES("Piratage", "AUTRE");
INSERT INTO TitreTicket VALUES("Contacter un technicien ou un admnistrateur", "AUTRE");
